cluster_id,count,total_amount,avg_amount,sample_ids
0,6,44350.0,7391.666666666667,"29,28,22,20,19,18"
1,18,77890.0,4327.222222222223,"32,31,26,25,24,23,16,15,14,13"
2,1,150000.0,150000.0,27
3,2,195000.0,97500.0,"4,3"
